INSERT INTO public.pais (id,nombre) VALUES (1,'Colombia');
INSERT INTO public.estado (id,pais_id,nombre,codigo_dane) VALUES
															  (1,1,'ANTIOQUIA','05'),
															  (2,1,'ATLANTICO','08'),
															  (3,1,'BOGOTA','11'),
															  (4,1,'BOLIVAR','13'),
															  (5,1,'BOYACA','15'),
															  (6,1,'CALDAS','17'),
															  (7,1,'CAQUETA','18'),
															  (8,1,'CAUCA','19'),
															  (9,1,'CESAR','20'),
															  (10,1,'CORDOBA','23'),
															  (11,1,'CUNDINAMARCA','25'),
															  (12,1,'CHOCO','27'),
															  (13,1,'HUILA','41'),
															  (14,1,'LA GUAJIRA','44'),
															  (15,1,'MAGDALENA','47'),
															  (16,1,'META','50'),
															  (17,1,'NARIÑO','52'),
															  (18,1,'N. DE SANTANDER','54'),
															  (19,1,'QUINDIO','63'),
															  (20,1,'RISARALDA','66'),
															  (21,1,'SANTANDER','68'),
															  (22,1,'SUCRE','70'),
															  (23,1,'TOLIMA','73'),
															  (24,1,'VALLE DEL CAUCA','76'),
															  (25,1,'ARAUCA','81'),
															  (26,1,'CASANARE','85'),
															  (27,1,'PUTUMAYO','86'),
															  (28,1,'SAN ANDRES','88'),
															  (29,1,'AMAZONAS','91'),
															  (30,1,'GUAINIA','94'),
															  (31,1,'GUAVIARE','95'),
															  (32,1,'VAUPES','97'),
															  (33,1,'VICHADA','99');
INSERT INTO public.ciudad (id,estado_id,nombre,codigo_dane,codigo_postal) VALUES
																			  (1,1,'MEDELLIN','05001','1'),
																			  (2,1,'ABEJORRAL','05002','1'),
																			  (3,1,'ABRIAQUI','05004','1'),
																			  (4,1,'ALEJANDRIA','05021','1'),
																			  (5,1,'AMAGA','05030','1'),
																			  (6,1,'AMALFI','05031','1'),
																			  (7,1,'ANDES','05034','1'),
																			  (8,1,'ANGELOPOLIS','05036','1'),
																			  (9,1,'ANGOSTURA','05038','1'),
																			  (10,1,'ANORI','05040','1'),
																			  (11,1,'SANTAFE DE ANTIOQUIA','05042','1'),
																			  (12,1,'ANZA','05044','1'),
																			  (13,1,'APARTADO','05045','1'),
																			  (14,1,'ARBOLETES','05051','1'),
																			  (15,1,'ARGELIA','05055','1'),
																			  (16,1,'ARMENIA','05059','1'),
																			  (17,1,'BARBOSA','05079','1'),
																			  (18,1,'BELMIRA','05086','1'),
																			  (19,1,'BELLO','05088','1'),
																			  (20,1,'BETANIA','05091','1'),
																			  (21,1,'BETULIA','05093','1'),
																			  (22,1,'CIUDAD BOLIVAR','05101','1'),
																			  (23,1,'BRICEÑO','05107','1'),
																			  (24,1,'BURITICA','05113','1'),
																			  (25,1,'CACERES','05120','1'),
																			  (26,1,'CAICEDO','05125','1'),
																			  (27,1,'CALDAS','05129','1'),
																			  (28,1,'CAMPAMENTO','05134','1'),
																			  (29,1,'CAÑASGORDAS','05138','1'),
																			  (30,1,'CARACOLI','05142','1'),
																			  (31,1,'CARAMANTA','05145','1'),
																			  (32,1,'CAREPA','05147','1'),
																			  (33,1,'EL CARMEN DE VIBORAL','05148','1'),
																			  (34,1,'CAROLINA','05150','1'),
																			  (35,1,'CAUCASIA','05154','1'),
																			  (36,1,'CHIGORODO','05172','1'),
																			  (37,1,'CISNEROS','05190','1'),
																			  (38,1,'COCORNA','05197','1'),
																			  (39,1,'CONCEPCION','05206','1'),
																			  (40,1,'CONCORDIA','05209','1'),
																			  (41,1,'COPACABANA','05212','1'),
																			  (42,1,'DABEIBA','05234','1'),
																			  (43,1,'DON MATIAS','05237','1'),
																			  (44,1,'EBEJICO','05240','1'),
																			  (45,1,'EL BAGRE','05250','1'),
																			  (46,1,'ENTRERRIOS','05264','1'),
																			  (47,1,'ENVIGADO','05266','1'),
																			  (48,1,'FREDONIA','05282','1'),
																			  (49,1,'FRONTINO','05284','1'),
																			  (50,1,'GIRALDO','05306','1'),
																			  (51,1,'GIRARDOTA','05308','1'),
																			  (52,1,'GOMEZ PLATA','05310','1'),
																			  (53,1,'GRANADA','05313','1'),
																			  (54,1,'GUADALUPE','05315','1'),
																			  (55,1,'GUARNE','05318','1'),
																			  (56,1,'GUATAPE','05321','1'),
																			  (57,1,'HELICONIA','05347','1'),
																			  (58,1,'HISPANIA','05353','1'),
																			  (59,1,'ITAGUI','05360','1'),
																			  (60,1,'ITUANGO','05361','1'),
																			  (61,1,'JARDIN','05364','1'),
																			  (62,1,'JERICO','05368','1'),
																			  (63,1,'LA CEJA','05376','1'),
																			  (64,1,'LA ESTRELLA','05380','1'),
																			  (65,1,'LA PINTADA','05390','1'),
																			  (66,1,'LA UNION','05400','1'),
																			  (67,1,'LIBORINA','05411','1'),
																			  (68,1,'MACEO','05425','1'),
																			  (69,1,'MARINILLA','05440','1'),
																			  (70,1,'MONTEBELLO','05467','1'),
																			  (71,1,'MURINDO','05475','1'),
																			  (72,1,'MUTATA','05480','1'),
																			  (73,1,'NARIÑO','05483','1'),
																			  (74,1,'NECOCLI','05490','1'),
																			  (75,1,'NECHI','05495','1'),
																			  (76,1,'OLAYA','05501','1'),
																			  (77,1,'PEÐOL','05541','1'),
																			  (78,1,'PEQUE','05543','1'),
																			  (79,1,'PUEBLORRICO','05576','1'),
																			  (80,1,'PUERTO BERRIO','05579','1'),
																			  (81,1,'PUERTO NARE','05585','1'),
																			  (82,1,'PUERTO TRIUNFO','05591','1'),
																			  (83,1,'REMEDIOS','05604','1'),
																			  (84,1,'RETIRO','05607','1'),
																			  (85,1,'RIONEGRO','05615','1'),
																			  (86,1,'SABANALARGA','05628','1'),
																			  (87,1,'SABANETA','05631','1'),
																			  (88,1,'SALGAR','05642','1'),
																			  (89,1,'SAN ANDRES DE CUERQUIA','05647','1'),
																			  (90,1,'SAN CARLOS','05649','1'),
																			  (91,1,'SAN FRANCISCO','05652','1'),
																			  (92,1,'SAN JERONIMO','05656','1'),
																			  (93,1,'SAN JOSE DE LA MONTAÑA','05658','1'),
																			  (94,1,'SAN JUAN DE URABA','05659','1'),
																			  (95,1,'SAN LUIS','05660','1'),
																			  (96,1,'SAN PEDRO','05664','1'),
																			  (97,1,'SAN PEDRO DE URABA','05665','1'),
																			  (98,1,'SAN RAFAEL','05667','1'),
																			  (99,1,'SAN ROQUE','05670','1'),
																			  (100,1,'SAN VICENTE','05674','1'),
																			  (101,1,'SANTA BARBARA','05679','1'),
																			  (102,1,'SANTA ROSA DE OSOS','05686','1'),
																			  (103,1,'SANTO DOMINGO','05690','1'),
																			  (104,1,'EL SANTUARIO','05697','1'),
																			  (105,1,'SEGOVIA','05736','1'),
																			  (106,1,'SONSON','05756','1'),
																			  (107,1,'SOPETRAN','05761','1'),
																			  (108,1,'TAMESIS','05789','1'),
																			  (109,1,'TARAZA','05790','1'),
																			  (110,1,'TARSO','05792','1'),
																			  (111,1,'TITIRIBI','05809','1'),
																			  (112,1,'TOLEDO','05819','1'),
																			  (113,1,'TURBO','05837','1'),
																			  (114,1,'URAMITA','05842','1'),
																			  (115,1,'URRAO','05847','1'),
																			  (116,1,'VALDIVIA','05854','1'),
																			  (117,1,'VALPARAISO','05856','1'),
																			  (118,1,'VEGACHI','05858','1'),
																			  (119,1,'VENECIA','05861','1'),
																			  (120,1,'VIGIA DEL FUERTE','05873','1'),
																			  (121,1,'YALI','05885','1'),
																			  (122,1,'YARUMAL','05887','1'),
																			  (123,1,'YOLOMBO','05890','1'),
																			  (124,1,'YONDO','05893','1'),
																			  (125,1,'ZARAGOZA','05895','1'),
																			  (126,2,'BARRANQUILLA','08001','1'),
																			  (127,2,'BARANOA','08078','1'),
																			  (128,2,'CAMPO DE LA CRUZ','08137','1'),
																			  (129,2,'CANDELARIA','08141','1'),
																			  (130,2,'GALAPA','08296','1'),
																			  (131,2,'JUAN DE ACOSTA','08372','1'),
																			  (132,2,'LURUACO','08421','1'),
																			  (133,2,'MALAMBO','08433','1'),
																			  (134,2,'MANATI','08436','1'),
																			  (135,2,'PALMAR DE VARELA','08520','1'),
																			  (136,2,'PIOJO','08549','1'),
																			  (137,2,'POLONUEVO','08558','1'),
																			  (138,2,'PONEDERA','08560','1'),
																			  (139,2,'PUERTO COLOMBIA','08573','1'),
																			  (140,2,'REPELON','08606','1'),
																			  (141,2,'SABANAGRANDE','08634','1'),
																			  (142,2,'SABANALARGA','08638','1'),
																			  (143,2,'SANTA LUCIA','08675','1'),
																			  (144,2,'SANTO TOMAS','08685','1'),
																			  (145,2,'SOLEDAD','08758','1'),
																			  (146,2,'SUAN','08770','1'),
																			  (147,2,'TUBARA','08832','1'),
																			  (148,2,'USIACURI','08849','1'),
																			  (149,3,'BOGOTA, D.C.','11001','1'),
																			  (150,4,'CARTAGENA','13001','1'),
																			  (151,4,'ACHI','13006','1'),
																			  (152,4,'ALTOS DEL ROSARIO','13030','1'),
																			  (153,4,'ARENAL','13042','1'),
																			  (154,4,'ARJONA','13052','1'),
																			  (155,4,'ARROYOHONDO','13062','1'),
																			  (156,4,'BARRANCO DE LOBA','13074','1'),
																			  (157,4,'CALAMAR','13140','1'),
																			  (158,4,'CANTAGALLO','13160','1'),
																			  (159,4,'CICUCO','13188','1'),
																			  (160,4,'CORDOBA','13212','1'),
																			  (161,4,'CLEMENCIA','13222','1'),
																			  (162,4,'EL CARMEN DE BOLIVAR','13244','1'),
																			  (163,4,'EL GUAMO','13248','1'),
																			  (164,4,'EL PEÑON','13268','1'),
																			  (165,4,'HATILLO DE LOBA','13300','1'),
																			  (166,4,'MAGANGUE','13430','1'),
																			  (167,4,'MAHATES','13433','1'),
																			  (168,4,'MARGARITA','13440','1'),
																			  (169,4,'MARIA LA BAJA','13442','1'),
																			  (170,4,'MONTECRISTO','13458','1'),
																			  (171,4,'MOMPOS','13468','1'),
																			  (172,4,'NOROSI','13490','1'),
																			  (173,4,'MORALES','13473','1'),
																			  (174,4,'PINILLOS','13549','1'),
																			  (175,4,'REGIDOR','13580','1'),
																			  (176,4,'RIO VIEJO','13600','1'),
																			  (177,4,'SAN CRISTOBAL','13620','1'),
																			  (178,4,'SAN ESTANISLAO','13647','1'),
																			  (179,4,'SAN FERNANDO','13650','1'),
																			  (180,4,'SAN JACINTO','13654','1'),
																			  (181,4,'SAN JACINTO DEL CAUCA','13655','1'),
																			  (182,4,'SAN JUAN NEPOMUCENO','13657','1'),
																			  (183,4,'SAN MARTIN DE LOBA','13667','1'),
																			  (184,4,'SAN PABLO','13670','1'),
																			  (185,4,'SANTA CATALINA','13673','1'),
																			  (186,4,'SANTA ROSA','13683','1'),
																			  (187,4,'SANTA ROSA DEL SUR','13688','1'),
																			  (188,4,'SIMITI','13744','1'),
																			  (189,4,'SOPLAVIENTO','13760','1'),
																			  (190,4,'TALAIGUA NUEVO','13780','1'),
																			  (191,4,'TIQUISIO','13810','1'),
																			  (192,4,'TURBACO','13836','1'),
																			  (193,4,'TURBANA','13838','1'),
																			  (194,4,'VILLANUEVA','13873','1'),
																			  (195,4,'ZAMBRANO','13894','1'),
																			  (196,5,'TUNJA','15001','1'),
																			  (197,5,'ALMEIDA','15022','1'),
																			  (198,5,'AQUITANIA','15047','1'),
																			  (199,5,'ARCABUCO','15051','1'),
																			  (200,5,'BELEN','15087','1'),
																			  (201,5,'BERBEO','15090','1'),
																			  (202,5,'BETEITIVA','15092','1'),
																			  (203,5,'BOAVITA','15097','1'),
																			  (204,5,'BOYACA','15104','1'),
																			  (205,5,'BRICEÑO','15106','1'),
																			  (206,5,'BUENAVISTA','15109','1'),
																			  (207,5,'BUSBANZA','15114','1'),
																			  (208,5,'CALDAS','15131','1'),
																			  (209,5,'CAMPOHERMOSO','15135','1'),
																			  (210,5,'CERINZA','15162','1'),
																			  (211,5,'CHINAVITA','15172','1'),
																			  (212,5,'CHIQUINQUIRA','15176','1'),
																			  (213,5,'CHISCAS','15180','1'),
																			  (214,5,'CHITA','15183','1'),
																			  (215,5,'CHITARAQUE','15185','1'),
																			  (216,5,'CHIVATA','15187','1'),
																			  (217,5,'CIENEGA','15189','1'),
																			  (218,5,'COMBITA','15204','1'),
																			  (219,5,'COPER','15212','1'),
																			  (220,5,'CORRALES','15215','1'),
																			  (221,5,'COVARACHIA','15218','1'),
																			  (222,5,'CUBARA','15223','1'),
																			  (223,5,'CUCAITA','15224','1'),
																			  (224,5,'CUITIVA','15226','1'),
																			  (225,5,'CHIQUIZA','15232','1'),
																			  (226,5,'CHIVOR','15236','1'),
																			  (227,5,'DUITAMA','15238','1'),
																			  (228,5,'EL COCUY','15244','1'),
																			  (229,5,'EL ESPINO','15248','1'),
																			  (230,5,'FIRAVITOBA','15272','1'),
																			  (231,5,'FLORESTA','15276','1'),
																			  (232,5,'GACHANTIVA','15293','1'),
																			  (233,5,'GAMEZA','15296','1'),
																			  (234,5,'GARAGOA','15299','1'),
																			  (235,5,'GUACAMAYAS','15317','1'),
																			  (236,5,'GUATEQUE','15322','1'),
																			  (237,5,'GUAYATA','15325','1'),
																			  (238,5,'GsICAN','15332','1'),
																			  (239,5,'IZA','15362','1'),
																			  (240,5,'JENESANO','15367','1'),
																			  (241,5,'JERICO','15368','1'),
																			  (242,5,'LABRANZAGRANDE','15377','1'),
																			  (243,5,'LA CAPILLA','15380','1'),
																			  (244,5,'LA VICTORIA','15401','1'),
																			  (245,5,'LA UVITA','15403','1'),
																			  (246,5,'VILLA DE LEYVA','15407','1'),
																			  (247,5,'MACANAL','15425','1'),
																			  (248,5,'MARIPI','15442','1'),
																			  (249,5,'MIRAFLORES','15455','1'),
																			  (250,5,'MONGUA','15464','1'),
																			  (251,5,'MONGUI','15466','1'),
																			  (252,5,'MONIQUIRA','15469','1'),
																			  (253,5,'MOTAVITA','15476','1'),
																			  (254,5,'MUZO','15480','1'),
																			  (255,5,'NOBSA','15491','1'),
																			  (256,5,'NUEVO COLON','15494','1'),
																			  (257,5,'OICATA','15500','1'),
																			  (258,5,'OTANCHE','15507','1'),
																			  (259,5,'PACHAVITA','15511','1'),
																			  (260,5,'PAEZ','15514','1'),
																			  (261,5,'PAIPA','15516','1'),
																			  (262,5,'PAJARITO','15518','1'),
																			  (263,5,'PANQUEBA','15522','1'),
																			  (264,5,'PAUNA','15531','1'),
																			  (265,5,'PAYA','15533','1'),
																			  (266,5,'PAZ DE RIO','15537','1'),
																			  (267,5,'PESCA','15542','1'),
																			  (268,5,'PISBA','15550','1'),
																			  (269,5,'PUERTO BOYACA','15572','1'),
																			  (270,5,'QUIPAMA','15580','1'),
																			  (271,5,'RAMIRIQUI','15599','1'),
																			  (272,5,'RAQUIRA','15600','1'),
																			  (273,5,'RONDON','15621','1'),
																			  (274,5,'SABOYA','15632','1'),
																			  (275,5,'SACHICA','15638','1'),
																			  (276,5,'SAMACA','15646','1'),
																			  (277,5,'SAN EDUARDO','15660','1'),
																			  (278,5,'SAN JOSE DE PARE','15664','1'),
																			  (279,5,'SAN LUIS DE GACENO','15667','1'),
																			  (280,5,'SAN MATEO','15673','1'),
																			  (281,5,'SAN MIGUEL DE SEMA','15676','1'),
																			  (282,5,'SAN PABLO DE BORBUR','15681','1'),
																			  (283,5,'SANTANA','15686','1'),
																			  (284,5,'SANTA MARIA','15690','1'),
																			  (285,5,'SANTA ROSA DE VITERBO','15693','1'),
																			  (286,5,'SANTA SOFIA','15696','1'),
																			  (287,5,'SATIVANORTE','15720','1'),
																			  (288,5,'SATIVASUR','15723','1'),
																			  (289,5,'SIACHOQUE','15740','1'),
																			  (290,5,'SOATA','15753','1'),
																			  (291,5,'SOCOTA','15755','1'),
																			  (292,5,'SOCHA','15757','1'),
																			  (293,5,'SOGAMOSO','15759','1'),
																			  (294,5,'SOMONDOCO','15761','1'),
																			  (295,5,'SORA','15762','1'),
																			  (296,5,'SOTAQUIRA','15763','1'),
																			  (297,5,'SORACA','15764','1'),
																			  (298,5,'SUSACON','15774','1'),
																			  (299,5,'SUTAMARCHAN','15776','1'),
																			  (300,5,'SUTATENZA','15778','1'),
																			  (301,5,'TASCO','15790','1'),
																			  (302,5,'TENZA','15798','1'),
																			  (303,5,'TIBANA','15804','1'),
																			  (304,5,'TIBASOSA','15806','1'),
																			  (305,5,'TINJACA','15808','1'),
																			  (306,5,'TIPACOQUE','15810','1'),
																			  (307,5,'TOCA','15814','1'),
																			  (308,5,'TOGsI','15816','1'),
																			  (309,5,'TOPAGA','15820','1'),
																			  (310,5,'TOTA','15822','1'),
																			  (311,5,'TUNUNGUA','15832','1'),
																			  (312,5,'TURMEQUE','15835','1'),
																			  (313,5,'TUTA','15837','1'),
																			  (314,5,'TUTAZA','15839','1'),
																			  (315,5,'UMBITA','15842','1'),
																			  (316,5,'VENTAQUEMADA','15861','1'),
																			  (317,5,'VIRACACHA','15879','1'),
																			  (318,5,'ZETAQUIRA','15897','1'),
																			  (319,6,'MANIZALES','17001','1'),
																			  (320,6,'AGUADAS','17013','1'),
																			  (321,6,'ANSERMA','17042','1'),
																			  (322,6,'ARANZAZU','17050','1'),
																			  (323,6,'BELALCAZAR','17088','1'),
																			  (324,6,'CHINCHINA','17174','1'),
																			  (325,6,'FILADELFIA','17272','1'),
																			  (326,6,'LA DORADA','17380','1'),
																			  (327,6,'LA MERCED','17388','1'),
																			  (328,6,'MANZANARES','17433','1'),
																			  (329,6,'MARMATO','17442','1'),
																			  (330,6,'MARQUETALIA','17444','1'),
																			  (331,6,'MARULANDA','17446','1'),
																			  (332,6,'NEIRA','17486','1'),
																			  (333,6,'NORCASIA','17495','1'),
																			  (334,6,'PACORA','17513','1'),
																			  (335,6,'PALESTINA','17524','1'),
																			  (336,6,'PENSILVANIA','17541','1'),
																			  (337,6,'RIOSUCIO','17614','1'),
																			  (338,6,'RISARALDA','17616','1'),
																			  (339,6,'SALAMINA','17653','1'),
																			  (340,6,'SAMANA','17662','1'),
																			  (341,6,'SAN JOSE','17665','1'),
																			  (342,6,'SUPIA','17777','1'),
																			  (343,6,'VICTORIA','17867','1'),
																			  (344,6,'VILLAMARIA','17873','1'),
																			  (345,6,'VITERBO','17877','1'),
																			  (346,7,'FLORENCIA','18001','1'),
																			  (347,7,'ALBANIA','18029','1'),
																			  (348,7,'BELEN DE LOS ANDAQUIES','18094','1'),
																			  (349,7,'CARTAGENA DEL CHAIRA','18150','1'),
																			  (350,7,'CURILLO','18205','1'),
																			  (351,7,'EL DONCELLO','18247','1'),
																			  (352,7,'EL PAUJIL','18256','1'),
																			  (353,7,'LA MONTAÑITA','18410','1'),
																			  (354,7,'MILAN','18460','1'),
																			  (355,7,'MORELIA','18479','1'),
																			  (356,7,'PUERTO RICO','18592','1'),
																			  (357,7,'SAN JOSE DEL FRAGUA','18610','1'),
																			  (358,7,'SAN VICENTE DEL CAGUAN','18753','1'),
																			  (359,7,'SOLANO','18756','1'),
																			  (360,7,'SOLITA','18785','1'),
																			  (361,7,'VALPARAISO','18860','1'),
																			  (362,8,'POPAYAN','19001','1'),
																			  (363,8,'ALMAGUER','19022','1'),
																			  (364,8,'ARGELIA','19050','1'),
																			  (365,8,'BALBOA','19075','1'),
																			  (366,8,'BOLIVAR','19100','1'),
																			  (367,8,'BUENOS AIRES','19110','1'),
																			  (368,8,'CAJIBIO','19130','1'),
																			  (369,8,'CALDONO','19137','1'),
																			  (370,8,'CALOTO','19142','1'),
																			  (371,8,'CORINTO','19212','1'),
																			  (372,8,'EL TAMBO','19256','1'),
																			  (373,8,'FLORENCIA','19290','1'),
																			  (374,8,'GUACHENE','19300','1'),
																			  (375,8,'GUAPI','19318','1'),
																			  (376,8,'INZA','19355','1'),
																			  (377,8,'JAMBALO','19364','1'),
																			  (378,8,'LA SIERRA','19392','1'),
																			  (379,8,'LA VEGA','19397','1'),
																			  (380,8,'LOPEZ','19418','1'),
																			  (381,8,'MERCADERES','19450','1'),
																			  (382,8,'MIRANDA','19455','1'),
																			  (383,8,'MORALES','19473','1'),
																			  (384,8,'PADILLA','19513','1'),
																			  (385,8,'PAEZ','19517','1'),
																			  (386,8,'PATIA','19532','1'),
																			  (387,8,'PIAMONTE','19533','1'),
																			  (388,8,'PIENDAMO','19548','1'),
																			  (389,8,'PUERTO TEJADA','19573','1'),
																			  (390,8,'PURACE','19585','1'),
																			  (391,8,'ROSAS','19622','1'),
																			  (392,8,'SAN SEBASTIAN','19693','1'),
																			  (393,8,'SANTANDER DE QUILICHAO','19698','1'),
																			  (394,8,'SANTA ROSA','19701','1'),
																			  (395,8,'SILVIA','19743','1'),
																			  (396,8,'SOTARA','19760','1'),
																			  (397,8,'SUAREZ','19780','1'),
																			  (398,8,'SUCRE','19785','1'),
																			  (399,8,'TIMBIO','19807','1'),
																			  (400,8,'TIMBIQUI','19809','1'),
																			  (401,8,'TORIBIO','19821','1'),
																			  (402,8,'TOTORO','19824','1'),
																			  (403,8,'VILLA RICA','19845','1'),
																			  (404,9,'VALLEDUPAR','20001','1'),
																			  (405,9,'AGUACHICA','20011','1'),
																			  (406,9,'AGUSTIN CODAZZI','20013','1'),
																			  (407,9,'ASTREA','20032','1'),
																			  (408,9,'BECERRIL','20045','1'),
																			  (409,9,'BOSCONIA','20060','1'),
																			  (410,9,'CHIMICHAGUA','20175','1'),
																			  (411,9,'CHIRIGUANA','20178','1'),
																			  (412,9,'CURUMANI','20228','1'),
																			  (413,9,'EL COPEY','20238','1'),
																			  (414,9,'EL PASO','20250','1'),
																			  (415,9,'GAMARRA','20295','1'),
																			  (416,9,'GONZALEZ','20310','1'),
																			  (417,9,'LA GLORIA','20383','1'),
																			  (418,9,'LA JAGUA DE IBIRICO','20400','1'),
																			  (419,9,'MANAURE','20443','1'),
																			  (420,9,'PAILITAS','20517','1'),
																			  (421,9,'PELAYA','20550','1'),
																			  (422,9,'PUEBLO BELLO','20570','1'),
																			  (423,9,'RIO DE ORO','20614','1'),
																			  (424,9,'LA PAZ','20621','1'),
																			  (425,9,'SAN ALBERTO','20710','1'),
																			  (426,9,'SAN DIEGO','20750','1'),
																			  (427,9,'SAN MARTIN','20770','1'),
																			  (428,9,'TAMALAMEQUE','20787','1'),
																			  (429,10,'MONTERIA','23001','1'),
																			  (430,10,'AYAPEL','23068','1'),
																			  (431,10,'BUENAVISTA','23079','1'),
																			  (432,10,'CANALETE','23090','1'),
																			  (433,10,'CERETE','23162','1'),
																			  (434,10,'CHIMA','23168','1'),
																			  (435,10,'CHINU','23182','1'),
																			  (436,10,'CIENAGA DE ORO','23189','1'),
																			  (437,10,'COTORRA','23300','1'),
																			  (438,10,'LA APARTADA','23350','1'),
																			  (439,10,'LORICA','23417','1'),
																			  (440,10,'LOS CORDOBAS','23419','1'),
																			  (441,10,'MOMIL','23464','1'),
																			  (442,10,'MONTELIBANO','23466','1'),
																			  (443,10,'MOÑITOS','23500','1'),
																			  (444,10,'PLANETA RICA','23555','1'),
																			  (445,10,'PUEBLO NUEVO','23570','1'),
																			  (446,10,'PUERTO ESCONDIDO','23574','1'),
																			  (447,10,'PUERTO LIBERTADOR','23580','1'),
																			  (448,10,'PURISIMA','23586','1'),
																			  (449,10,'SAHAGUN','23660','1'),
																			  (450,10,'SAN ANDRES SOTAVENTO','23670','1'),
																			  (451,10,'SAN ANTERO','23672','1'),
																			  (452,10,'SAN BERNARDO DEL VIENTO','23675','1'),
																			  (453,10,'SAN CARLOS','23678','1'),
																			  (454,10,'SAN PELAYO','23686','1'),
																			  (455,10,'TIERRALTA','23807','1'),
																			  (456,10,'VALENCIA','23855','1'),
																			  (457,11,'AGUA DE DIOS','25001','1'),
																			  (458,11,'ALBAN','25019','1'),
																			  (459,11,'ANAPOIMA','25035','1'),
																			  (460,11,'ANOLAIMA','25040','1'),
																			  (461,11,'ARBELAEZ','25053','1'),
																			  (462,11,'BELTRAN','25086','1'),
																			  (463,11,'BITUIMA','25095','1'),
																			  (464,11,'BOJACA','25099','1'),
																			  (465,11,'CABRERA','25120','1'),
																			  (466,11,'CACHIPAY','25123','1'),
																			  (467,11,'CAJICA','25126','1'),
																			  (468,11,'CAPARRAPI','25148','1'),
																			  (469,11,'CAQUEZA','25151','1'),
																			  (470,11,'CARMEN DE CARUPA','25154','1'),
																			  (471,11,'CHAGUANI','25168','1'),
																			  (472,11,'CHIA','25175','1'),
																			  (473,11,'CHIPAQUE','25178','1'),
																			  (474,11,'CHOACHI','25181','1'),
																			  (475,11,'CHOCONTA','25183','1'),
																			  (476,11,'COGUA','25200','1'),
																			  (477,11,'COTA','25214','1'),
																			  (478,11,'CUCUNUBA','25224','1'),
																			  (479,11,'EL COLEGIO','25245','1'),
																			  (480,11,'EL PEÑON','25258','1'),
																			  (481,11,'EL ROSAL','25260','1'),
																			  (482,11,'FACATATIVA','25269','1'),
																			  (483,11,'FOMEQUE','25279','1'),
																			  (484,11,'FOSCA','25281','1'),
																			  (485,11,'FUNZA','25286','1'),
																			  (486,11,'FUQUENE','25288','1'),
																			  (487,11,'FUSAGASUGA','25290','1'),
																			  (488,11,'GACHALA','25293','1'),
																			  (489,11,'GACHANCIPA','25295','1'),
																			  (490,11,'GACHETA','25297','1'),
																			  (491,11,'GAMA','25299','1'),
																			  (492,11,'GIRARDOT','25307','1'),
																			  (493,11,'GRANADA','25312','1'),
																			  (494,11,'GUACHETA','25317','1'),
																			  (495,11,'GUADUAS','25320','1'),
																			  (496,11,'GUASCA','25322','1'),
																			  (497,11,'GUATAQUI','25324','1'),
																			  (498,11,'GUATAVITA','25326','1'),
																			  (499,11,'GUAYABAL DE SIQUIMA','25328','1'),
																			  (500,11,'GUAYABETAL','25335','1'),
																			  (501,11,'GUTIERREZ','25339','1'),
																			  (502,11,'JERUSALEN','25368','1'),
																			  (503,11,'JUNIN','25372','1'),
																			  (504,11,'LA CALERA','25377','1'),
																			  (505,11,'LA MESA','25386','1'),
																			  (506,11,'LA PALMA','25394','1'),
																			  (507,11,'LA PEÑA','25398','1'),
																			  (508,11,'LA VEGA','25402','1'),
																			  (509,11,'LENGUAZAQUE','25407','1'),
																			  (510,11,'MACHETA','25426','1'),
																			  (511,11,'MADRID','25430','1'),
																			  (512,11,'MANTA','25436','1'),
																			  (513,11,'MEDINA','25438','1'),
																			  (514,11,'MOSQUERA','25473','1'),
																			  (515,11,'NARIÑO','25483','1'),
																			  (516,11,'NEMOCON','25486','1'),
																			  (517,11,'NILO','25488','1'),
																			  (518,11,'NIMAIMA','25489','1'),
																			  (519,11,'NOCAIMA','25491','1'),
																			  (520,11,'VENECIA','25506','1'),
																			  (521,11,'PACHO','25513','1'),
																			  (522,11,'PAIME','25518','1'),
																			  (523,11,'PANDI','25524','1'),
																			  (524,11,'PARATEBUENO','25530','1'),
																			  (525,11,'PASCA','25535','1'),
																			  (526,11,'PUERTO SALGAR','25572','1'),
																			  (527,11,'PULI','25580','1'),
																			  (528,11,'QUEBRADANEGRA','25592','1'),
																			  (529,11,'QUETAME','25594','1'),
																			  (530,11,'QUIPILE','25596','1'),
																			  (531,11,'APULO','25599','1'),
																			  (532,11,'RICAURTE','25612','1'),
																			  (533,11,'SAN ANTONIO DEL TEQUENDAMA','25645','1'),
																			  (534,11,'SAN BERNARDO','25649','1'),
																			  (535,11,'SAN CAYETANO','25653','1'),
																			  (536,11,'SAN FRANCISCO','25658','1'),
																			  (537,11,'SAN JUAN DE RIO SECO','25662','1'),
																			  (538,11,'SASAIMA','25718','1'),
																			  (539,11,'SESQUILE','25736','1'),
																			  (540,11,'SIBATE','25740','1'),
																			  (541,11,'SILVANIA','25743','1'),
																			  (542,11,'SIMIJACA','25745','1'),
																			  (543,11,'SOACHA','25754','1'),
																			  (544,11,'SOPO','25758','1'),
																			  (545,11,'SUBACHOQUE','25769','1'),
																			  (546,11,'SUESCA','25772','1'),
																			  (547,11,'SUPATA','25777','1'),
																			  (548,11,'SUSA','25779','1'),
																			  (549,11,'SUTATAUSA','25781','1'),
																			  (550,11,'TABIO','25785','1'),
																			  (551,11,'TAUSA','25793','1'),
																			  (552,11,'TENA','25797','1'),
																			  (553,11,'TENJO','25799','1'),
																			  (554,11,'TIBACUY','25805','1'),
																			  (555,11,'TIBIRITA','25807','1'),
																			  (556,11,'TOCAIMA','25815','1'),
																			  (557,11,'TOCANCIPA','25817','1'),
																			  (558,11,'TOPAIPI','25823','1'),
																			  (559,11,'UBALA','25839','1'),
																			  (560,11,'UBAQUE','25841','1'),
																			  (561,11,'VILLA DE SAN DIEGO DE UBATE','25843','1'),
																			  (562,11,'UNE','25845','1'),
																			  (563,11,'UTICA','25851','1'),
																			  (564,11,'VERGARA','25862','1'),
																			  (565,11,'VIANI','25867','1'),
																			  (566,11,'VILLAGOMEZ','25871','1'),
																			  (567,11,'VILLAPINZON','25873','1'),
																			  (568,11,'VILLETA','25875','1'),
																			  (569,11,'VIOTA','25878','1'),
																			  (570,11,'YACOPI','25885','1'),
																			  (571,11,'ZIPACON','25898','1'),
																			  (572,11,'ZIPAQUIRA','25899','1'),
																			  (573,12,'QUIBDO','27001','1'),
																			  (574,12,'ACANDI','27006','1'),
																			  (575,12,'ALTO BAUDO','27025','1'),
																			  (576,12,'ATRATO','27050','1'),
																			  (577,12,'BAGADO','27073','1'),
																			  (578,12,'BAHIA SOLANO','27075','1'),
																			  (579,12,'BAJO BAUDO','27077','1'),
																			  (580,12,'BOJAYA','27099','1'),
																			  (581,12,'EL CANTON DEL SAN PABLO','27135','1'),
																			  (582,12,'CARMEN DEL DARIEN','27150','1'),
																			  (583,12,'CERTEGUI','27160','1'),
																			  (584,12,'CONDOTO','27205','1'),
																			  (585,12,'EL CARMEN DE ATRATO','27245','1'),
																			  (586,12,'EL LITORAL DEL SAN JUAN','27250','1'),
																			  (587,12,'ISTMINA','27361','1'),
																			  (588,12,'JURADO','27372','1'),
																			  (589,12,'LLORO','27413','1'),
																			  (590,12,'MEDIO ATRATO','27425','1'),
																			  (591,12,'MEDIO BAUDO','27430','1'),
																			  (592,12,'MEDIO SAN JUAN','27450','1'),
																			  (593,12,'NOVITA','27491','1'),
																			  (594,12,'NUQUI','27495','1'),
																			  (595,12,'RIO IRO','27580','1'),
																			  (596,12,'RIO QUITO','27600','1'),
																			  (597,12,'RIOSUCIO','27615','1'),
																			  (598,12,'SAN JOSE DEL PALMAR','27660','1'),
																			  (599,12,'SIPI','27745','1'),
																			  (600,12,'TADO','27787','1'),
																			  (601,12,'UNGUIA','27800','1'),
																			  (602,12,'UNION PANAMERICANA','27810','1'),
																			  (603,13,'NEIVA','41001','1'),
																			  (604,13,'ACEVEDO','41006','1'),
																			  (605,13,'AGRADO','41013','1'),
																			  (606,13,'AIPE','41016','1'),
																			  (607,13,'ALGECIRAS','41020','1'),
																			  (608,13,'ALTAMIRA','41026','1'),
																			  (609,13,'BARAYA','41078','1'),
																			  (610,13,'CAMPOALEGRE','41132','1'),
																			  (611,13,'COLOMBIA','41206','1'),
																			  (612,13,'ELIAS','41244','1'),
																			  (613,13,'GARZON','41298','1'),
																			  (614,13,'GIGANTE','41306','1'),
																			  (615,13,'GUADALUPE','41319','1'),
																			  (616,13,'HOBO','41349','1'),
																			  (617,13,'IQUIRA','41357','1'),
																			  (618,13,'ISNOS','41359','1'),
																			  (619,13,'LA ARGENTINA','41378','1'),
																			  (620,13,'LA PLATA','41396','1'),
																			  (621,13,'NATAGA','41483','1'),
																			  (622,13,'OPORAPA','41503','1'),
																			  (623,13,'PAICOL','41518','1'),
																			  (624,13,'PALERMO','41524','1'),
																			  (625,13,'PALESTINA','41530','1'),
																			  (626,13,'PITAL','41548','1'),
																			  (627,13,'PITALITO','41551','1'),
																			  (628,13,'RIVERA','41615','1'),
																			  (629,13,'SALADOBLANCO','41660','1'),
																			  (630,13,'SAN AGUSTIN','41668','1'),
																			  (631,13,'SANTA MARIA','41676','1'),
																			  (632,13,'SUAZA','41770','1'),
																			  (633,13,'TARQUI','41791','1'),
																			  (634,13,'TESALIA','41797','1'),
																			  (635,13,'TELLO','41799','1'),
																			  (636,13,'TERUEL','41801','1'),
																			  (637,13,'TIMANA','41807','1'),
																			  (638,13,'VILLAVIEJA','41872','1'),
																			  (639,13,'YAGUARA','41885','1'),
																			  (640,14,'RIOHACHA','44001','1'),
																			  (641,14,'ALBANIA','44035','1'),
																			  (642,14,'BARRANCAS','44078','1'),
																			  (643,14,'DIBULLA','44090','1'),
																			  (644,14,'DISTRACCION','44098','1'),
																			  (645,14,'EL MOLINO','44110','1'),
																			  (646,14,'FONSECA','44279','1'),
																			  (647,14,'HATONUEVO','44378','1'),
																			  (648,14,'LA JAGUA DEL PILAR','44420','1'),
																			  (649,14,'MAICAO','44430','1'),
																			  (650,14,'MANAURE','44560','1'),
																			  (651,14,'SAN JUAN DEL CESAR','44650','1'),
																			  (652,14,'URIBIA','44847','1'),
																			  (653,14,'URUMITA','44855','1'),
																			  (654,14,'VILLANUEVA','44874','1'),
																			  (655,15,'SANTA MARTA','47001','1'),
																			  (656,15,'ALGARROBO','47030','1'),
																			  (657,15,'ARACATACA','47053','1'),
																			  (658,15,'ARIGUANI','47058','1'),
																			  (659,15,'CERRO SAN ANTONIO','47161','1'),
																			  (660,15,'CHIBOLO','47170','1'),
																			  (661,15,'CIENAGA','47189','1'),
																			  (662,15,'CONCORDIA','47205','1'),
																			  (663,15,'EL BANCO','47245','1'),
																			  (664,15,'EL PIÑON','47258','1'),
																			  (665,15,'EL RETEN','47268','1'),
																			  (666,15,'FUNDACION','47288','1'),
																			  (667,15,'GUAMAL','47318','1'),
																			  (668,15,'NUEVA GRANADA','47460','1'),
																			  (669,15,'PEDRAZA','47541','1'),
																			  (670,15,'PIJIÑO DEL CARMEN','47545','1'),
																			  (671,15,'PIVIJAY','47551','1'),
																			  (672,15,'PLATO','47555','1'),
																			  (673,15,'PUEBLOVIEJO','47570','1'),
																			  (674,15,'REMOLINO','47605','1'),
																			  (675,15,'SABANAS DE SAN ANGEL','47660','1'),
																			  (676,15,'SALAMINA','47675','1'),
																			  (677,15,'SAN SEBASTIAN DE BUENAVISTA','47692','1'),
																			  (678,15,'SAN ZENON','47703','1'),
																			  (679,15,'SANTA ANA','47707','1'),
																			  (680,15,'SANTA BARBARA DE PINTO','47720','1'),
																			  (681,15,'SITIONUEVO','47745','1'),
																			  (682,15,'TENERIFE','47798','1'),
																			  (683,15,'ZAPAYAN','47960','1'),
																			  (684,15,'ZONA BANANERA','47980','1'),
																			  (685,16,'VILLAVICENCIO','50001','1'),
																			  (686,16,'ACACIAS','50006','1'),
																			  (687,16,'BARRANCA DE UPIA','50110','1'),
																			  (688,16,'CABUYARO','50124','1'),
																			  (689,16,'CASTILLA LA NUEVA','50150','1'),
																			  (690,16,'CUBARRAL','50223','1'),
																			  (691,16,'CUMARAL','50226','1'),
																			  (692,16,'EL CALVARIO','50245','1'),
																			  (693,16,'EL CASTILLO','50251','1'),
																			  (694,16,'EL DORADO','50270','1'),
																			  (695,16,'FUENTE DE ORO','50287','1'),
																			  (696,16,'GRANADA','50313','1'),
																			  (697,16,'GUAMAL','50318','1'),
																			  (698,16,'MAPIRIPAN','50325','1'),
																			  (699,16,'MESETAS','50330','1'),
																			  (700,16,'LA MACARENA','50350','1'),
																			  (701,16,'URIBE','50370','1'),
																			  (702,16,'LEJANIAS','50400','1'),
																			  (703,16,'PUERTO CONCORDIA','50450','1'),
																			  (704,16,'PUERTO GAITAN','50568','1'),
																			  (705,16,'PUERTO LOPEZ','50573','1'),
																			  (706,16,'PUERTO LLERAS','50577','1'),
																			  (707,16,'PUERTO RICO','50590','1'),
																			  (708,16,'RESTREPO','50606','1'),
																			  (709,16,'SAN CARLOS DE GUAROA','50680','1'),
																			  (710,16,'SAN JUAN DE ARAMA','50683','1'),
																			  (711,16,'SAN JUANITO','50686','1'),
																			  (712,16,'SAN MARTIN','50689','1'),
																			  (713,16,'VISTAHERMOSA','50711','1'),
																			  (714,17,'PASTO','52001','1'),
																			  (715,17,'ALBAN','52019','1'),
																			  (716,17,'ALDANA','52022','1'),
																			  (717,17,'ANCUYA','52036','1'),
																			  (718,17,'ARBOLEDA','52051','1'),
																			  (719,17,'BARBACOAS','52079','1'),
																			  (720,17,'BELEN','52083','1'),
																			  (721,17,'BUESACO','52110','1'),
																			  (722,17,'COLON','52203','1'),
																			  (723,17,'CONSACA','52207','1'),
																			  (724,17,'CONTADERO','52210','1'),
																			  (725,17,'CORDOBA','52215','1'),
																			  (726,17,'CUASPUD','52224','1'),
																			  (727,17,'CUMBAL','52227','1'),
																			  (728,17,'CUMBITARA','52233','1'),
																			  (729,17,'CHACHAGsI','52240','1'),
																			  (730,17,'EL CHARCO','52250','1'),
																			  (731,17,'EL PEÑOL','52254','1'),
																			  (732,17,'EL ROSARIO','52256','1'),
																			  (733,17,'EL TABLON DE GOMEZ','52258','1'),
																			  (734,17,'EL TAMBO','52260','1'),
																			  (735,17,'FUNES','52287','1'),
																			  (736,17,'GUACHUCAL','52317','1'),
																			  (737,17,'GUAITARILLA','52320','1'),
																			  (738,17,'GUALMATAN','52323','1'),
																			  (739,17,'ILES','52352','1'),
																			  (740,17,'IMUES','52354','1'),
																			  (741,17,'IPIALES','52356','1'),
																			  (742,17,'LA CRUZ','52378','1'),
																			  (743,17,'LA FLORIDA','52381','1'),
																			  (744,17,'LA LLANADA','52385','1'),
																			  (745,17,'LA TOLA','52390','1'),
																			  (746,17,'LA UNION','52399','1'),
																			  (747,17,'LEIVA','52405','1'),
																			  (748,17,'LINARES','52411','1'),
																			  (749,17,'LOS ANDES','52418','1'),
																			  (750,17,'MAGsI','52427','1'),
																			  (751,17,'MALLAMA','52435','1'),
																			  (752,17,'MOSQUERA','52473','1'),
																			  (753,17,'NARIÑO','52480','1'),
																			  (754,17,'OLAYA HERRERA','52490','1'),
																			  (755,17,'OSPINA','52506','1'),
																			  (756,17,'FRANCISCO PIZARRO','52520','1'),
																			  (757,17,'POLICARPA','52540','1'),
																			  (758,17,'POTOSI','52560','1'),
																			  (759,17,'PROVIDENCIA','52565','1'),
																			  (760,17,'PUERRES','52573','1'),
																			  (761,17,'PUPIALES','52585','1'),
																			  (762,17,'RICAURTE','52612','1'),
																			  (763,17,'ROBERTO PAYAN','52621','1'),
																			  (764,17,'SAMANIEGO','52678','1'),
																			  (765,17,'SANDONA','52683','1'),
																			  (766,17,'SAN BERNARDO','52685','1'),
																			  (767,17,'SAN LORENZO','52687','1'),
																			  (768,17,'SAN PABLO','52693','1'),
																			  (769,17,'SAN PEDRO DE CARTAGO','52694','1'),
																			  (770,17,'SANTA BARBARA','52696','1'),
																			  (771,17,'SANTACRUZ','52699','1'),
																			  (772,17,'SAPUYES','52720','1'),
																			  (773,17,'TAMINANGO','52786','1'),
																			  (774,17,'TANGUA','52788','1'),
																			  (775,17,'SAN ANDRES DE TUMACO','52835','1'),
																			  (776,17,'TUQUERRES','52838','1'),
																			  (777,17,'YACUANQUER','52885','1'),
																			  (778,18,'CUCUTA','54001','1'),
																			  (779,18,'ABREGO','54003','1'),
																			  (780,18,'ARBOLEDAS','54051','1'),
																			  (781,18,'BOCHALEMA','54099','1'),
																			  (782,18,'BUCARASICA','54109','1'),
																			  (783,18,'CACOTA','54125','1'),
																			  (784,18,'CACHIRA','54128','1'),
																			  (785,18,'CHINACOTA','54172','1'),
																			  (786,18,'CHITAGA','54174','1'),
																			  (787,18,'CONVENCION','54206','1'),
																			  (788,18,'CUCUTILLA','54223','1'),
																			  (789,18,'DURANIA','54239','1'),
																			  (790,18,'EL CARMEN','54245','1'),
																			  (791,18,'EL TARRA','54250','1'),
																			  (792,18,'EL ZULIA','54261','1'),
																			  (793,18,'GRAMALOTE','54313','1'),
																			  (794,18,'HACARI','54344','1'),
																			  (795,18,'HERRAN','54347','1'),
																			  (796,18,'LABATECA','54377','1'),
																			  (797,18,'LA ESPERANZA','54385','1'),
																			  (798,18,'LA PLAYA','54398','1'),
																			  (799,18,'LOS PATIOS','54405','1'),
																			  (800,18,'LOURDES','54418','1'),
																			  (801,18,'MUTISCUA','54480','1'),
																			  (802,18,'OCAÑA','54498','1'),
																			  (803,18,'PAMPLONA','54518','1'),
																			  (804,18,'PAMPLONITA','54520','1'),
																			  (805,18,'PUERTO SANTANDER','54553','1'),
																			  (806,18,'RAGONVALIA','54599','1'),
																			  (807,18,'SALAZAR','54660','1'),
																			  (808,18,'SAN CALIXTO','54670','1'),
																			  (809,18,'SAN CAYETANO','54673','1'),
																			  (810,18,'SANTIAGO','54680','1'),
																			  (811,18,'SARDINATA','54720','1'),
																			  (812,18,'SILOS','54743','1'),
																			  (813,18,'TEORAMA','54800','1'),
																			  (814,18,'TIBU','54810','1'),
																			  (815,18,'TOLEDO','54820','1'),
																			  (816,18,'VILLA CARO','54871','1'),
																			  (817,18,'VILLA DEL ROSARIO','54874','1'),
																			  (818,19,'ARMENIA','63001','1'),
																			  (819,19,'BUENAVISTA','63111','1'),
																			  (820,19,'CALARCA','63130','1'),
																			  (821,19,'CIRCASIA','63190','1'),
																			  (822,19,'CORDOBA','63212','1'),
																			  (823,19,'FILANDIA','63272','1'),
																			  (824,19,'GENOVA','63302','1'),
																			  (825,19,'LA TEBAIDA','63401','1'),
																			  (826,19,'MONTENEGRO','63470','1'),
																			  (827,19,'PIJAO','63548','1'),
																			  (828,19,'QUIMBAYA','63594','1'),
																			  (829,19,'SALENTO','63690','1'),
																			  (830,20,'PEREIRA','66001','1'),
																			  (831,20,'APIA','66045','1'),
																			  (832,20,'BALBOA','66075','1'),
																			  (833,20,'BELEN DE UMBRIA','66088','1'),
																			  (834,20,'DOSQUEBRADAS','66170','1'),
																			  (835,20,'GUATICA','66318','1'),
																			  (836,20,'LA CELIA','66383','1'),
																			  (837,20,'LA VIRGINIA','66400','1'),
																			  (838,20,'MARSELLA','66440','1'),
																			  (839,20,'MISTRATO','66456','1'),
																			  (840,20,'PUEBLO RICO','66572','1'),
																			  (841,20,'QUINCHIA','66594','1'),
																			  (842,20,'SANTA ROSA DE CABAL','66682','1'),
																			  (843,20,'SANTUARIO','66687','1'),
																			  (844,21,'BUCARAMANGA','68001','1'),
																			  (845,21,'AGUADA','68013','1'),
																			  (846,21,'ALBANIA','68020','1'),
																			  (847,21,'ARATOCA','68051','1'),
																			  (848,21,'BARBOSA','68077','1'),
																			  (849,21,'BARICHARA','68079','1'),
																			  (850,21,'BARRANCABERMEJA','68081','1'),
																			  (851,21,'BETULIA','68092','1'),
																			  (852,21,'BOLIVAR','68101','1'),
																			  (853,21,'CABRERA','68121','1'),
																			  (854,21,'CALIFORNIA','68132','1'),
																			  (855,21,'CAPITANEJO','68147','1'),
																			  (856,21,'CARCASI','68152','1'),
																			  (857,21,'CEPITA','68160','1'),
																			  (858,21,'CERRITO','68162','1'),
																			  (859,21,'CHARALA','68167','1'),
																			  (860,21,'CHARTA','68169','1'),
																			  (861,21,'CHIMA','68176','1'),
																			  (862,21,'CHIPATA','68179','1'),
																			  (863,21,'CIMITARRA','68190','1'),
																			  (864,21,'CONCEPCION','68207','1'),
																			  (865,21,'CONFINES','68209','1'),
																			  (866,21,'CONTRATACION','68211','1'),
																			  (867,21,'COROMORO','68217','1'),
																			  (868,21,'CURITI','68229','1'),
																			  (869,21,'EL CARMEN DE CHUCURI','68235','1'),
																			  (870,21,'EL GUACAMAYO','68245','1'),
																			  (871,21,'EL PEÑON','68250','1'),
																			  (872,21,'EL PLAYON','68255','1'),
																			  (873,21,'ENCINO','68264','1'),
																			  (874,21,'ENCISO','68266','1'),
																			  (875,21,'FLORIAN','68271','1'),
																			  (876,21,'FLORIDABLANCA','68276','1'),
																			  (877,21,'GALAN','68296','1'),
																			  (878,21,'GAMBITA','68298','1'),
																			  (879,21,'GIRON','68307','1'),
																			  (880,21,'GUACA','68318','1'),
																			  (881,21,'GUADALUPE','68320','1'),
																			  (882,21,'GUAPOTA','68322','1'),
																			  (883,21,'GUAVATA','68324','1'),
																			  (884,21,'GsEPSA','68327','1'),
																			  (885,21,'HATO','68344','1'),
																			  (886,21,'JESUS MARIA','68368','1'),
																			  (887,21,'JORDAN','68370','1'),
																			  (888,21,'LA BELLEZA','68377','1'),
																			  (889,21,'LANDAZURI','68385','1'),
																			  (890,21,'LA PAZ','68397','1'),
																			  (891,21,'LEBRIJA','68406','1'),
																			  (892,21,'LOS SANTOS','68418','1'),
																			  (893,21,'MACARAVITA','68425','1'),
																			  (894,21,'MALAGA','68432','1'),
																			  (895,21,'MATANZA','68444','1'),
																			  (896,21,'MOGOTES','68464','1'),
																			  (897,21,'MOLAGAVITA','68468','1'),
																			  (898,21,'OCAMONTE','68498','1'),
																			  (899,21,'OIBA','68500','1'),
																			  (900,21,'ONZAGA','68502','1'),
																			  (901,21,'PALMAR','68522','1'),
																			  (902,21,'PALMAS DEL SOCORRO','68524','1'),
																			  (903,21,'PARAMO','68533','1'),
																			  (904,21,'PIEDECUESTA','68547','1'),
																			  (905,21,'PINCHOTE','68549','1'),
																			  (906,21,'PUENTE NACIONAL','68572','1'),
																			  (907,21,'PUERTO PARRA','68573','1'),
																			  (908,21,'PUERTO WILCHES','68575','1'),
																			  (909,21,'RIONEGRO','68615','1'),
																			  (910,21,'SABANA DE TORRES','68655','1'),
																			  (911,21,'SAN ANDRES','68669','1'),
																			  (912,21,'SAN BENITO','68673','1'),
																			  (913,21,'SAN GIL','68679','1'),
																			  (914,21,'SAN JOAQUIN','68682','1'),
																			  (915,21,'SAN JOSE DE MIRANDA','68684','1'),
																			  (916,21,'SAN MIGUEL','68686','1'),
																			  (917,21,'SAN VICENTE DE CHUCURI','68689','1'),
																			  (918,21,'SANTA BARBARA','68705','1'),
																			  (919,21,'SANTA HELENA DEL OPON','68720','1'),
																			  (920,21,'SIMACOTA','68745','1'),
																			  (921,21,'SOCORRO','68755','1'),
																			  (922,21,'SUAITA','68770','1'),
																			  (923,21,'SUCRE','68773','1'),
																			  (924,21,'SURATA','68780','1'),
																			  (925,21,'TONA','68820','1'),
																			  (926,21,'VALLE DE SAN JOSE','68855','1'),
																			  (927,21,'VELEZ','68861','1'),
																			  (928,21,'VETAS','68867','1'),
																			  (929,21,'VILLANUEVA','68872','1'),
																			  (930,21,'ZAPATOCA','68895','1'),
																			  (931,22,'SINCELEJO','70001','1'),
																			  (932,22,'BUENAVISTA','70110','1'),
																			  (933,22,'CAIMITO','70124','1'),
																			  (934,22,'COLOSO','70204','1'),
																			  (935,22,'COROZAL','70215','1'),
																			  (936,22,'COVEÑAS','70221','1'),
																			  (937,22,'CHALAN','70230','1'),
																			  (938,22,'EL ROBLE','70233','1'),
																			  (939,22,'GALERAS','70235','1'),
																			  (940,22,'GUARANDA','70265','1'),
																			  (941,22,'LA UNION','70400','1'),
																			  (942,22,'LOS PALMITOS','70418','1'),
																			  (943,22,'MAJAGUAL','70429','1'),
																			  (944,22,'MORROA','70473','1'),
																			  (945,22,'OVEJAS','70508','1'),
																			  (946,22,'PALMITO','70523','1'),
																			  (947,22,'SAMPUES','70670','1'),
																			  (948,22,'SAN BENITO ABAD','70678','1'),
																			  (949,22,'SAN JUAN DE BETULIA','70702','1'),
																			  (950,22,'SAN MARCOS','70708','1'),
																			  (951,22,'SAN ONOFRE','70713','1'),
																			  (952,22,'SAN PEDRO','70717','1'),
																			  (953,22,'SAN LUIS DE SINCE','70742','1'),
																			  (954,22,'SUCRE','70771','1'),
																			  (955,22,'SANTIAGO DE TOLU','70820','1'),
																			  (956,22,'TOLU VIEJO','70823','1'),
																			  (957,23,'IBAGUE','73001','1'),
																			  (958,23,'ALPUJARRA','73024','1'),
																			  (959,23,'ALVARADO','73026','1'),
																			  (960,23,'AMBALEMA','73030','1'),
																			  (961,23,'ANZOATEGUI','73043','1'),
																			  (962,23,'ARMERO','73055','1'),
																			  (963,23,'ATACO','73067','1'),
																			  (964,23,'CAJAMARCA','73124','1'),
																			  (965,23,'CARMEN DE APICALA','73148','1'),
																			  (966,23,'CASABIANCA','73152','1'),
																			  (967,23,'CHAPARRAL','73168','1'),
																			  (968,23,'COELLO','73200','1'),
																			  (969,23,'COYAIMA','73217','1'),
																			  (970,23,'CUNDAY','73226','1'),
																			  (971,23,'DOLORES','73236','1'),
																			  (972,23,'ESPINAL','73268','1'),
																			  (973,23,'FALAN','73270','1'),
																			  (974,23,'FLANDES','73275','1'),
																			  (975,23,'FRESNO','73283','1'),
																			  (976,23,'GUAMO','73319','1'),
																			  (977,23,'HERVEO','73347','1'),
																			  (978,23,'HONDA','73349','1'),
																			  (979,23,'ICONONZO','73352','1'),
																			  (980,23,'LERIDA','73408','1'),
																			  (981,23,'LIBANO','73411','1'),
																			  (982,23,'MARIQUITA','73443','1'),
																			  (983,23,'MELGAR','73449','1'),
																			  (984,23,'MURILLO','73461','1'),
																			  (985,23,'NATAGAIMA','73483','1'),
																			  (986,23,'ORTEGA','73504','1'),
																			  (987,23,'PALOCABILDO','73520','1'),
																			  (988,23,'PIEDRAS','73547','1'),
																			  (989,23,'PLANADAS','73555','1'),
																			  (990,23,'PRADO','73563','1'),
																			  (991,23,'PURIFICACION','73585','1'),
																			  (992,23,'RIOBLANCO','73616','1'),
																			  (993,23,'RONCESVALLES','73622','1'),
																			  (994,23,'ROVIRA','73624','1'),
																			  (995,23,'SALDAÑA','73671','1'),
																			  (996,23,'SAN ANTONIO','73675','1'),
																			  (997,23,'SAN LUIS','73678','1'),
																			  (998,23,'SANTA ISABEL','73686','1'),
																			  (999,23,'SUAREZ','73770','1'),
																			  (1000,23,'VALLE DE SAN JUAN','73854','1'),
																			  (1001,23,'VENADILLO','73861','1'),
																			  (1002,23,'VILLAHERMOSA','73870','1'),
																			  (1003,23,'VILLARRICA','73873','1'),
																			  (1004,24,'CALI','76001','1'),
																			  (1005,24,'ALCALA','76020','1'),
																			  (1006,24,'ANDALUCIA','76036','1'),
																			  (1007,24,'ANSERMANUEVO','76041','1'),
																			  (1008,24,'ARGELIA','76054','1'),
																			  (1009,24,'BOLIVAR','76100','1'),
																			  (1010,24,'BUENAVENTURA','76109','1'),
																			  (1011,24,'GUADALAJARA DE BUGA','76111','1'),
																			  (1012,24,'BUGALAGRANDE','76113','1'),
																			  (1013,24,'CAICEDONIA','76122','1'),
																			  (1014,24,'CALIMA','76126','1'),
																			  (1015,24,'CANDELARIA','76130','1'),
																			  (1016,24,'CARTAGO','76147','1'),
																			  (1017,24,'DAGUA','76233','1'),
																			  (1018,24,'EL AGUILA','76243','1'),
																			  (1019,24,'EL CAIRO','76246','1'),
																			  (1020,24,'EL CERRITO','76248','1'),
																			  (1021,24,'EL DOVIO','76250','1'),
																			  (1022,24,'FLORIDA','76275','1'),
																			  (1023,24,'GINEBRA','76306','1'),
																			  (1024,24,'GUACARI','76318','1'),
																			  (1025,24,'JAMUNDI','76364','1'),
																			  (1026,24,'LA CUMBRE','76377','1'),
																			  (1027,24,'LA UNION','76400','1'),
																			  (1028,24,'LA VICTORIA','76403','1'),
																			  (1029,24,'OBANDO','76497','1'),
																			  (1030,24,'PALMIRA','76520','1'),
																			  (1031,24,'PRADERA','76563','1'),
																			  (1032,24,'RESTREPO','76606','1'),
																			  (1033,24,'RIOFRIO','76616','1'),
																			  (1034,24,'ROLDANILLO','76622','1'),
																			  (1035,24,'SAN PEDRO','76670','1'),
																			  (1036,24,'SEVILLA','76736','1'),
																			  (1037,24,'TORO','76823','1'),
																			  (1038,24,'TRUJILLO','76828','1'),
																			  (1039,24,'TULUA','76834','1'),
																			  (1040,24,'ULLOA','76845','1'),
																			  (1041,24,'VERSALLES','76863','1'),
																			  (1042,24,'VIJES','76869','1'),
																			  (1043,24,'YOTOCO','76890','1'),
																			  (1044,24,'YUMBO','76892','1'),
																			  (1045,24,'ZARZAL','76895','1'),
																			  (1046,25,'ARAUCA','81001','1'),
																			  (1047,25,'ARAUQUITA','81065','1'),
																			  (1048,25,'CRAVO NORTE','81220','1'),
																			  (1049,25,'FORTUL','81300','1'),
																			  (1050,25,'PUERTO RONDON','81591','1'),
																			  (1051,25,'SARAVENA','81736','1'),
																			  (1052,25,'TAME','81794','1'),
																			  (1053,26,'YOPAL','85001','1'),
																			  (1054,26,'AGUAZUL','85010','1'),
																			  (1055,26,'CHAMEZA','85015','1'),
																			  (1056,26,'HATO COROZAL','85125','1'),
																			  (1057,26,'LA SALINA','85136','1'),
																			  (1058,26,'MANI','85139','1'),
																			  (1059,26,'MONTERREY','85162','1'),
																			  (1060,26,'NUNCHIA','85225','1'),
																			  (1061,26,'OROCUE','85230','1'),
																			  (1062,26,'PAZ DE ARIPORO','85250','1'),
																			  (1063,26,'PORE','85263','1'),
																			  (1064,26,'RECETOR','85279','1'),
																			  (1065,26,'SABANALARGA','85300','1'),
																			  (1066,26,'SACAMA','85315','1'),
																			  (1067,26,'SAN LUIS DE PALENQUE','85325','1'),
																			  (1068,26,'TAMARA','85400','1'),
																			  (1069,26,'TAURAMENA','85410','1'),
																			  (1070,26,'TRINIDAD','85430','1'),
																			  (1071,26,'VILLANUEVA','85440','1'),
																			  (1072,27,'MOCOA','86001','1'),
																			  (1073,27,'COLON','86219','1'),
																			  (1074,27,'ORITO','86320','1'),
																			  (1075,27,'PUERTO ASIS','86568','1'),
																			  (1076,27,'PUERTO CAICEDO','86569','1'),
																			  (1077,27,'PUERTO GUZMAN','86571','1'),
																			  (1078,27,'LEGUIZAMO','86573','1'),
																			  (1079,27,'SIBUNDOY','86749','1'),
																			  (1080,27,'SAN FRANCISCO','86755','1'),
																			  (1081,27,'SAN MIGUEL','86757','1'),
																			  (1082,27,'SANTIAGO','86760','1'),
																			  (1083,27,'VALLE DEL GUAMUEZ','86865','1'),
																			  (1084,27,'VILLAGARZON','86885','1'),
																			  (1085,28,'SAN ANDRES','88001','1'),
																			  (1086,28,'PROVIDENCIA','88564','1'),
																			  (1087,29,'LETICIA','91001','1'),
																			  (1088,29,'EL ENCANTO','91263','1'),
																			  (1089,29,'LA CHORRERA','91405','1'),
																			  (1090,29,'LA PEDRERA','91407','1'),
																			  (1091,29,'LA VICTORIA','91430','1'),
																			  (1092,29,'MIRITI - PARANA','91460','1'),
																			  (1093,29,'PUERTO ALEGRIA','91530','1'),
																			  (1094,29,'PUERTO ARICA','91536','1'),
																			  (1095,29,'PUERTO NARIÑO','91540','1'),
																			  (1096,29,'PUERTO SANTANDER','91669','1'),
																			  (1097,29,'TARAPACA','91798','1'),
																			  (1098,30,'INIRIDA','94001','1'),
																			  (1099,30,'BARRANCO MINAS','94343','1'),
																			  (1100,30,'MAPIRIPANA','94663','1'),
																			  (1101,30,'SAN FELIPE','94883','1'),
																			  (1102,30,'PUERTO COLOMBIA','94884','1'),
																			  (1103,30,'LA GUADALUPE','94885','1'),
																			  (1104,30,'CACAHUAL','94886','1'),
																			  (1105,30,'PANA PANA','94887','1'),
																			  (1106,30,'MORICHAL','94888','1'),
																			  (1107,31,'SAN JOSE DEL GUAVIARE','95001','1'),
																			  (1108,31,'CALAMAR','95015','1'),
																			  (1109,31,'EL RETORNO','95025','1'),
																			  (1110,31,'MIRAFLORES','95200','1'),
																			  (1111,32,'MITU','97001','1'),
																			  (1112,32,'CARURU','97161','1'),
																			  (1113,32,'PACOA','97511','1'),
																			  (1114,32,'TARAIRA','97666','1'),
																			  (1115,32,'PAPUNAUA','97777','1'),
																			  (1116,32,'YAVARATE','97889','1'),
																			  (1117,33,'PUERTO CARREÑO','99001','1'),
																			  (1118,33,'LA PRIMAVERA','99524','1'),
																			  (1119,33,'SANTA ROSALIA','99624','1'),
																			  (1120,33,'CUMARIBO','99773','1');
INSERT INTO public.entrega_tipo (id,nombre) VALUES
	 (1,'Caja'),
	 (2,'Sobre'),
	 (3,'Paquete');
INSERT INTO public.caso_tipo (id,nombre) VALUES
											 (1,'Felicitación'),
											 (2,'Petición'),
											 (3,'Queja'),
											 (4,'Reclamo'),
											 (5,'Sugerencia');
